{"cameraMode":{"drawMode":0,"name":"Shaded","section":"Shading Mode"},"sceneLighting":true,"audioPlay":false,"sceneViewState":{"showFog":true,"showMaterialUpdate":false,"showSkybox":true,"showFlares":true,"showImageEffects":true,"showParticleSystems":true},"in2DMode":false,"pivot":{"x":-7.511109352111816,"y":0.9088995456695557,"z":17.083038330078126},"rotation":{"x":0.1339728832244873,"y":-0.7248147130012512,"z":0.14722758531570435,"w":0.6595596671104431},"size":4.161691665649414,"orthographic":true}